ID;LABEL;MODULARITY
https://keywordtool.io;https://keywordtool.io;1
keyword;keyword;2
https://ahrefs.com;https://ahrefs.com;1
https://ads.google.com;https://ads.google.com;1
https://www.blogdumoderateur.com;https://www.blogdumoderateur.com;1
Police de caractères;Police de caractères;2
https://fr.semrush.com;https://fr.semrush.com;1
https://www.1min30.com;https://www.1min30.com;1
https://cocolyze.com;https://cocolyze.com;1
https://fr.wikipedia.org;https://fr.wikipedia.org;1
H;H;2
Claude;Claude;2
Plus belle la vie;Plus belle la vie;2
Koh Lanta;Koh Lanta;2
Demain nous appartient;Demain nous appartient;2
Ici tout commence;Ici tout commence;2
Capital;Capital;2
Pokémon;Pokémon;2
The Voice;The Voice;2
Roger;Roger;2
Will;Will;2
Simon;Simon;2
Turbo;Turbo;2
Sam;Sam;2
Messe;Messe;2
En famille;En famille;2
Access;Access;2
Un si grand soleil;Un si grand soleil;2
Eden;Eden;2
Friends;Friends;2
Scorpion;Scorpion;2
Top chef;Top chef;2
Nina;Nina;2
Rex;Rex;2
Malcolm;Malcolm;2
Boris;Boris;2
Urgences;Urgences;2
Desperate Housewives;Desperate Housewives;2
Medium;Medium;2
Dragon Ball Z;Dragon Ball Z;2
Sherlock;Sherlock;2
Zip Zip;Zip Zip;2
Le Renard;Le Renard;2
911;911;2
HPI;HPI;2
Halo;Halo;2
Toc Toc ;Toc Toc ;2
Target;Target;2
Forever;Forever;2
Ninjago;Ninjago;2
Leonardo;Leonardo;2
Riverdale;Riverdale;2
Peppa Pig;Peppa Pig;2
La Flamme;La Flamme;2
This Is Us;This Is Us;2
Monk;Monk;2
Face à face;Face à face;2
Mask Singer;Mask Singer;2
Twist;Twist;2
Bones;Bones;2
Sacha;Sacha;2
Chicago Fire;Chicago Fire;2
Big Bang Theory;Big Bang Theory;2
Camping Paradis;Camping Paradis;2
Kiri;Kiri;2
Sissi;Sissi;2
Candice Renoir;Candice Renoir;2
Doctor Who;Doctor Who;2
Cannes Festival;Cannes Festival;2
Cauchemar en cuisine;Cauchemar en cuisine;2
Mariés au premier regard;Mariés au premier regard;2
Parlement;Parlement;2
Balthazar;Balthazar;2
Les Simpson;Les Simpson;2
Clem;Clem;2
Zouk;Zouk;2
Totally Spies;Totally Spies;2
Petit Ours Brun;Petit Ours Brun;2
Modern Family;Modern Family;2
The Middle;The Middle;2
Columbo;Columbo;2
How I Met Your Mother;How I Met Your Mother;2
La grande librairie;La grande librairie;2
Titeuf;Titeuf;2
Tandem;Tandem;2
Les experts;Les experts;2
Grand hôtel;Grand hôtel;2
Grey's Anatomy;Grey's Anatomy;2
Paprika;Paprika;2
Crimes;Crimes;2
Pékin express;Pékin express;2
Sam le pompier;Sam le pompier;2
Restos du coeur;Restos du coeur;2
Capitaine Marleau;Capitaine Marleau;2
Superstore;Superstore;2
Je te promets;Je te promets;2
Court circuit;Court circuit;2
Tom Sawyer;Tom Sawyer;2
Infiniti;Infiniti;2
Hercule Poirot;Hercule Poirot;2
Automoto;Automoto;2
Gomorra;Gomorra;2
Hippocrate;Hippocrate;2
Alex Hugo;Alex Hugo;2
Yellowstone;Yellowstone;2
Tracks;Tracks;2
Buffy contre les vampires;Buffy contre les vampires;2
Super Nanny;Super Nanny;2
Cassandre;Cassandre;2
Ma sorcière bien aimée;Ma sorcière bien aimée;2
Notre belle famille;Notre belle famille;2
Bienvenue chez les Loud;Bienvenue chez les Loud;2
Envoyé spécial;Envoyé spécial;2
Football  Coupe de France;Football  Coupe de France;2
NCIS  Los Angeles;NCIS  Los Angeles;2
Profilage;Profilage;2
Why Women Kill;Why Women Kill;2
Elementary;Elementary;2
Débat;Débat;2
La stagiaire;La stagiaire;2
Les reines du shopping;Les reines du shopping;2
Sanditon;Sanditon;2
Pierre Lapin;Pierre Lapin;2
En thérapie;En thérapie;2
Dexter  New Blood;Dexter  New Blood;2
Les grandes grandes vacances;Les grandes grandes vacances;2
Souviens toi;Souviens toi;2
Zone interdite;Zone interdite;2
Mare of Easttown;Mare of Easttown;2
Normal People;Normal People;2
Le tour du monde en 80 jours;Le tour du monde en 80 jours;2
Yellowjackets;Yellowjackets;2
The Undoing;The Undoing;2
Patron incognito;Patron incognito;2
Visions;Visions;2
The Bay;The Bay;2
Direct Auto;Direct Auto;2
Thalassa;Thalassa;2
Cyclisme  Tour de France;Cyclisme  Tour de France;2
Une famille en or;Une famille en or;2
La meilleure boulangerie de France;La meilleure boulangerie de France;2
Mongeville;Mongeville;2
Le destin de Lisa;Le destin de Lisa;2
Une si longue nuit;Une si longue nuit;2
Beyblade Burst;Beyblade Burst;2
Rugby  Champions Cup;Rugby  Champions Cup;2
Top Gear;Top Gear;2
Serengeti;Serengeti;2
Vigil;Vigil;2
Les Sisters;Les Sisters;2
American Crime Story;American Crime Story;2
Masha et Michka;Masha et Michka;2
Les frères Scott;Les frères Scott;2
The Tourist;The Tourist;2
New York Unité Spéciale;New York Unité Spéciale;2
The Chosen;The Chosen;2
Crimes parfaits;Crimes parfaits;2
Engrenages;Engrenages;2
Ben 10;Ben 10;2
City of Lies;City of Lies;2
Nicky Larson;Nicky Larson;2
Manipulations;Manipulations;2
Younger;Younger;2
Foot 2 rue;Foot 2 rue;2
Double je;Double je;2
Les experts Miami;Les experts Miami;2
Une mère parfaite;Une mère parfaite;2
Recherche appartement ou maison;Recherche appartement ou maison;2
Une saison au zoo;Une saison au zoo;2
Young Sheldon;Young Sheldon;2
TFou;TFou;2
Alice Nevers;Alice Nevers;2
Boule et Bill;Boule et Bill;2
Major Crimes;Major Crimes;2
Ce que Pauline ne vous dit pas;Ce que Pauline ne vous dit pas;2
Drop Dead Diva;Drop Dead Diva;2
Des racines et des ailes;Des racines et des ailes;2
Alexandra Ehle;Alexandra Ehle;2
Les carnets de Julie;Les carnets de Julie;2
Chesapeake Shores;Chesapeake Shores;2
Kamikaze;Kamikaze;2
Baby boom;Baby boom;2
Miss Marple;Miss Marple;2
Les Dalton;Les Dalton;2
Ghost Adventures;Ghost Adventures;2
Roman noir;Roman noir;2
Commissaire Dupin;Commissaire Dupin;2
Narvalo;Narvalo;2
Nos chers voisins;Nos chers voisins;2
Les reines de la route;Les reines de la route;2
Ridley Road;Ridley Road;2
Mohammed Ali;Mohammed Ali;2
Meurtres au paradis;Meurtres au paradis;2
Le caméléon;Le caméléon;2
Arte reportage;Arte reportage;2
Bluey;Bluey;2
Le dessous des cartes;Le dessous des cartes;2
Belgravia;Belgravia;2
Pourquoi pas Evans ;Pourquoi pas Evans ;2
Vestiaires;Vestiaires;2
Des trains pas comme les autres;Des trains pas comme les autres;2
Inspecteur Lewis;Inspecteur Lewis;2
Broadchurch;Broadchurch;2
28 minutes;28 minutes;2
La fête à la maison;La fête à la maison;2
Chicago Police Department;Chicago Police Department;2
Oggy et les cafards;Oggy et les cafards;2
What We Do in the Shadows;What We Do in the Shadows;2
48 heures;48 heures;2
Body of Proof;Body of Proof;2
Esprits criminels;Esprits criminels;2
Le jour du Seigneur;Le jour du Seigneur;2
Brokenwood;Brokenwood;2
La vengeance aux deux visages;La vengeance aux deux visages;2
Martin Matin;Martin Matin;2
Meurtres à Sandhamn;Meurtres à Sandhamn;2
Shadowplay;Shadowplay;2
Vintage Mecanic;Vintage Mecanic;2
Pawn Stars;Pawn Stars;2
Ad vitam;Ad vitam;2
This Is Going to Hurt;This Is Going to Hurt;2
Echappées belles;Echappées belles;2
Section de recherches;Section de recherches;2
Atlantic Crossing;Atlantic Crossing;2
Shaun le mouton;Shaun le mouton;2
Invitation au voyage;Invitation au voyage;2
Lego Masters;Lego Masters;2
Les experts  Manhattan;Les experts  Manhattan;2
Hudson et Rex;Hudson et Rex;2
Prédateurs;Prédateurs;2
Moonwalk;Moonwalk;2
Grantchester;Grantchester;2
Karambolage;Karambolage;2
Les triplés;Les triplés;2
Tropiques criminels;Tropiques criminels;2
La faute à Rousseau;La faute à Rousseau;2
Disparition inquiétante;Disparition inquiétante;2
Les Thunderman;Les Thunderman;2
Un cas pour deux;Un cas pour deux;2
Petit poilu;Petit poilu;2
New York police judiciaire;New York police judiciaire;2
Teen Titans Go ;Teen Titans Go ;2
Enquête exclusive;Enquête exclusive;2
Power Rangers  Dino Fury;Power Rangers  Dino Fury;2
Squadra criminale;Squadra criminale;2
Top Gear France;Top Gear France;2
Le crime lui va si bien;Le crime lui va si bien;2
Breeders;Breeders;2
Angelo la débrouille;Angelo la débrouille;2
Kiva;Kiva;2
Grizzy et les lemmings;Grizzy et les lemmings;2
Alien Theory;Alien Theory;2
Starstruck;Starstruck;2
Berlin 63;Berlin 63;2
Les enquêtes de Murdoch;Les enquêtes de Murdoch;2
Dynasties;Dynasties;2
Caïn;Caïn;2
Inspecteur Barnaby;Inspecteur Barnaby;2
Deux Vies;Deux Vies;2
Molang;Molang;2
Alger confidentiel;Alger confidentiel;2
The Gifted;The Gifted;2
Beecham House;Beecham House;2
Exterminez toutes ces brutes;Exterminez toutes ces brutes;2
La foire aux vanités;La foire aux vanités;2
Better Things;Better Things;2
Les aventures de Tintin;Les aventures de Tintin;2
Meurtres en eaux troubles;Meurtres en eaux troubles;2
Taffy;Taffy;2
N'oubliez pas les paroles;N'oubliez pas les paroles;2
Les feux de l'amour;Les feux de l'amour;2
Les minijusticiers;Les minijusticiers;2
Amour, gloire et beauté;Amour, gloire et beauté;2
Les animaux de la 8;Les animaux de la 8;2
Non élucidé;Non élucidé;2
Gigantosaurus;Gigantosaurus;2
Le monde de Jamy;Le monde de Jamy;2
Made for Love;Made for Love;2
Les enquêtes de Morse;Les enquêtes de Morse;2
Paris Police 1900;Paris Police 1900;2
Téléfoot;Téléfoot;2
Au nom de la vérité;Au nom de la vérité;2
Magnum 2018;Magnum 2018;2
Ma famille d'abord;Ma famille d'abord;2
The Victim;The Victim;2
Enfants du Soleil;Enfants du Soleil;2
Dernier recours;Dernier recours;2
Le jour où tout a basculé;Le jour où tout a basculé;2
Brassic;Brassic;2
Berlin Live;Berlin Live;2
Hors de contrôle;Hors de contrôle;2
Enquêtes criminelles;Enquêtes criminelles;2
NCIS  enquêtes spéciales;NCIS  enquêtes spéciales;2
MacGyver 2016;MacGyver 2016;2
Rugby  Tournoi des Six Nations;Rugby  Tournoi des Six Nations;2
Wheeler Dealers France;Wheeler Dealers France;2
La dernière vague;La dernière vague;2
Le Flambeau  les aventuriers de Chupacabra;Le Flambeau  les aventuriers de Chupacabra;2
Les Goldberg;Les Goldberg;2
The Client List;The Client List;2
Les Pyjamasques;Les Pyjamasques;2
Il miracolo;Il miracolo;2
Héritages;Héritages;2
44 chats;44 chats;2
Americars;Americars;2
Joséphine, ange gardien;Joséphine, ange gardien;2
Doc 2020;Doc 2020;2
Idéfix et les Irréductibles;Idéfix et les Irréductibles;2
Molusco;Molusco;2
Hawaii 5 0;Hawaii 5 0;2
Fais pas ci, fais pas ça;Fais pas ci, fais pas ça;2
Monster Buster Club;Monster Buster Club;2
Baskup;Baskup;2
SheZow;SheZow;2
Power Rangers Beast Morphers;Power Rangers Beast Morphers;2
Ernest et Célestine;Ernest et Célestine;2
Si près de chez vous;Si près de chez vous;2
The Rookie  le flic de Los Angeles;The Rookie  le flic de Los Angeles;2
Les enquêtes de Vera;Les enquêtes de Vera;2
Bienvenue chez les Casagrandes;Bienvenue chez les Casagrandes;2
Mr. Robot;Mr. Robot;2
Les rois de la piscine;Les rois de la piscine;2
Schitt's Creek;Schitt's Creek;2
Face au doute;Face au doute;2
Les nouveaux explorateurs;Les nouveaux explorateurs;2
L'amie prodigieuse;L'amie prodigieuse;2
Jeux olympiques de Pékin 2022;Jeux olympiques de Pékin 2022;2
Shrill;Shrill;2
Xenius;Xenius;2
Lagoon Master;Lagoon Master;2
Objectif Blake ;Objectif Blake ;2
Barbie Dreamhouse Adventures;Barbie Dreamhouse Adventures;2
Les mystères de l'amour;Les mystères de l'amour;2
Engagez vous ;Engagez vous ;2
Chasseurs de Trolls;Chasseurs de Trolls;2
Jamie a des tentacules;Jamie a des tentacules;2
Power Players;Power Players;2
Bakugan Battle Planet;Bakugan Battle Planet;2
Petits secrets entre voisins;Petits secrets entre voisins;2
Grey's Anatomy  Station 19;Grey's Anatomy  Station 19;2
Kid Lucky;Kid Lucky;2
P.J.;P.J.;2
Docteur Quinn, femme médecin;Docteur Quinn, femme médecin;2
Team Dronix;Team Dronix;2
Kung Fu Panda  Les pattes du destin;Kung Fu Panda  Les pattes du destin;2
Football  Ligue Europa Conférence;Football  Ligue Europa Conférence;2
True Justice;True Justice;2
Mécanos express;Mécanos express;2
Une nounou d'enfer;Une nounou d'enfer;2
J'irai dormir chez vous;J'irai dormir chez vous;2
Convois exceptionnels;Convois exceptionnels;2
Les quatre soeurs;Les quatre soeurs;2
Power Rangers Super Ninja Steel;Power Rangers Super Ninja Steel;2
Craig de la crique;Craig de la crique;2
Alvinnn  et les Chipmunks;Alvinnn  et les Chipmunks;2
Coupable ou non coupable ;Coupable ou non coupable ;2
Sale temps pour la planète;Sale temps pour la planète;2
Génération Hit machine;Génération Hit machine;2
Tattoo Cover  Londres;Tattoo Cover  Londres;2
Esprits criminels  unité sans frontières;Esprits criminels  unité sans frontières;2
Girls5eva;Girls5eva;2
Bob l'éponge;Bob l'éponge;2
New York, section criminelle;New York, section criminelle;2
Ovni(s);Ovni(s);2
Les rois de la réno;Les rois de la réno;2
Scooby Doo et compagnie;Scooby Doo et compagnie;2
Blood & Treasure;Blood & Treasure;2
Einstein  équations criminelles;Einstein  équations criminelles;2
Tom et Jerry Show;Tom et Jerry Show;2
Top chef  le chef des chefs;Top chef  le chef des chefs;2
Dead Pixels;Dead Pixels;2
Rénovation impossible;Rénovation impossible;2
Présence protestante;Présence protestante;2
Top chef  les grands duels;Top chef  les grands duels;2
Il était une fois... la vie;Il était une fois... la vie;2
9 1 1 Lone Star;9 1 1 Lone Star;2
Bull 2016;Bull 2016;2
Les reportages de Martin Weill;Les reportages de Martin Weill;2
T'choupi et ses amis;T'choupi et ses amis;2
90' Enquêtes;90' Enquêtes;2
Faites entrer l'accusé;Faites entrer l'accusé;2
Rizzoli & Isles;Rizzoli & Isles;2
Les petits meurtres d'Agatha Christie;Les petits meurtres d'Agatha Christie;2
Enchères à tout prix;Enchères à tout prix;2
Léo Matteï, brigade des mineurs;Léo Matteï, brigade des mineurs;2
Moi à ton âge;Moi à ton âge;2
Le génie français;Le génie français;2
Yétili;Yétili;2
Les contes de Lupin;Les contes de Lupin;2
Juger Pétain;Juger Pétain;2
Les as de la jungle à la rescousse;Les as de la jungle à la rescousse;2
DC Super Hero Girls 2019;DC Super Hero Girls 2019;2
Tom et Jerry Tales;Tom et Jerry Tales;2
Tout est vrai (ou presque);Tout est vrai (ou presque);2
Garfield & Cie;Garfield & Cie;2
Occasions à saisir;Occasions à saisir;2
Secrets d'histoire;Secrets d'histoire;2
Sauveurs de trésors;Sauveurs de trésors;2
C'est toujours pas sorcier;C'est toujours pas sorcier;2
L'amour (presque) parfait;L'amour (presque) parfait;2
Les princes du tuning;Les princes du tuning;2
Les parcs nationaux américains;Les parcs nationaux américains;2
Furiki;Furiki;2
Géo Jet;Géo Jet;2
César et Capucine;César et Capucine;2
Mily Miss Questions;Mily Miss Questions;2
Retour à l'instinct primaire;Retour à l'instinct primaire;2
Total rénovation  frères en affaires;Total rénovation  frères en affaires;2
L'île aux 30 cercueils;L'île aux 30 cercueils;2
Dave (aka Lil Dicky);Dave (aka Lil Dicky);2
Manger bouger dormir;Manger bouger dormir;2
Scooby Doo en Europe;Scooby Doo en Europe;2
Coache moi si tu peux;Coache moi si tu peux;2
Unforgotten  le passé déterré;Unforgotten  le passé déterré;2
360° GEO;360° GEO;2
Polly Pocket 2018;Polly Pocket 2018;2
Shaun le champion;Shaun le champion;2
Deep Water 2019;Deep Water 2019;2
Hooten and the Lady  chasseurs de trésors;Hooten and the Lady  chasseurs de trésors;2
Oggy et les cafards   Next Gen;Oggy et les cafards   Next Gen;2
Storage Wars  enchères surprises;Storage Wars  enchères surprises;2
Good Doctor 2017;Good Doctor 2017;2
The Voice, la plus belle voix;The Voice, la plus belle voix;2
Mr Magoo 2019;Mr Magoo 2019;2
Les lapins crétins  invasion;Les lapins crétins  invasion;2
Shipping Wars  livraison impossible;Shipping Wars  livraison impossible;2
Marie Thérèse d'Autriche;Marie Thérèse d'Autriche;2
Vendredi, tout est permis avec Arthur;Vendredi, tout est permis avec Arthur;2
Les Windsor, une dynastie royale;Les Windsor, une dynastie royale;2
https://www.allocine.fr;https://www.allocine.fr;1
Next;Next;2
Moka;Moka;2
Red Light;Red Light;2
Au galop ;Au galop ;2
La montagne aux secrets;La montagne aux secrets;2
Encore vous ;Encore vous ;2
The Responder;The Responder;2
Des gens bien ordinaires;Des gens bien ordinaires;2
Pompon Ours;Pompon Ours;2
This Way Up;This Way Up;2
Sisbro;Sisbro;2
Dino Ranch;Dino Ranch;2
Ninja Express;Ninja Express;2
Pen15;Pen15;2
Flippé;Flippé;2
Disco Dragon;Disco Dragon;2
Organisation Super Insolite;Organisation Super Insolite;2
Kingdom Force;Kingdom Force;2
Anna et ses amis;Anna et ses amis;2
Mick le mini chef;Mick le mini chef;2
La famille Blaireau Renard;La famille Blaireau Renard;2
Sept nains et moi;Sept nains et moi;2
Les trésors perdus de la vallée des rois;Les trésors perdus de la vallée des rois;2
Ana Filoute;Ana Filoute;2
Viking Skool;Viking Skool;2
Les ours gourmands;Les ours gourmands;2
Les aventures de Paddington;Les aventures de Paddington;2
Rocky Kwaterner;Rocky Kwaterner;2
Mumfie;Mumfie;2
LEGO City Adventures;LEGO City Adventures;2
Pour l'amour de Louisa;Pour l'amour de Louisa;2
Terre en furie;Terre en furie;2
https://www.programme-tv.net;https://www.programme-tv.net;1
Et si on se rencontrait ;Et si on se rencontrait ;2
Chroniques criminelles;Chroniques criminelles;2
Le meilleur forgeron;Le meilleur forgeron;2
La grande soirée;La grande soirée;2
Familles nombreuses  la vie en XXL;Familles nombreuses  la vie en XXL;2
Mission protection;Mission protection;2
Vous avez un colis;Vous avez un colis;2
Les Brown  génération Alaska;Les Brown  génération Alaska;2
Rembob'INA;Rembob'INA;2
Animaux VIP;Animaux VIP;2
Zafari;Zafari;2
Square artiste;Square artiste;2
Douanes sous haute surveillance;Douanes sous haute surveillance;2
Les docs du week end;Les docs du week end;2
Culturebox Festival;Culturebox Festival;2
Enquête sous haute tension;Enquête sous haute tension;2
Habitations en péril;Habitations en péril;2
Les avions du bout du monde;Les avions du bout du monde;2
Jade Fever;Jade Fever;2
La folie du camping car;La folie du camping car;2
Reportages découverte;Reportages découverte;2
Expédition Pairi Daiza;Expédition Pairi Daiza;2
Factory XXL;Factory XXL;2
Ax Men;Ax Men;2
Ma piscine de rêve;Ma piscine de rêve;2
Enquête prioritaire;Enquête prioritaire;2
100 jours avec les gendarmes de Bourgogne;100 jours avec les gendarmes de Bourgogne;2
Les mécanos de Rust Valley;Les mécanos de Rust Valley;2
Dr Cath  Mission adoption;Dr Cath  Mission adoption;2
Ninjago 2019;Ninjago 2019;2
Dans les yeux d'Olivier;Dans les yeux d'Olivier;2
Snapped  les couples tueurs;Snapped  les couples tueurs;2
Le cosmos et les origines de la vie;Le cosmos et les origines de la vie;2
Animaux à adopter  nouvelle famille pour une nouvelle vie;Animaux à adopter  nouvelle famille pour une nouvelle vie;2
Incroyables mariages gitans;Incroyables mariages gitans;2
Snapped  fratrie meurtrière;Snapped  fratrie meurtrière;2
Pompiers  leur vie en direct;Pompiers  leur vie en direct;2
24 heures aux urgences;24 heures aux urgences;2
La science des forces de la nature;La science des forces de la nature;2
Asphalt Cowboys;Asphalt Cowboys;2
Habitations en péril  le ranch des Raney;Habitations en péril  le ranch des Raney;2
La véritable histoire des Templiers;La véritable histoire des Templiers;2
Americars  pièces détachées;Americars  pièces détachées;2
Snapped  les femmes tueuses;Snapped  les femmes tueuses;2
https://www.netflix.com;https://www.netflix.com;1
Beyblade Burst Turbo;Beyblade Burst Turbo;2
Bakugan Geogan Rising;Bakugan Geogan Rising;2
Tip la souris;Tip la souris;2
https://www.senscritique.com;https://www.senscritique.com;1
Nawak;Nawak;2
Les effrontées  le cinéma au féminin;Les effrontées  le cinéma au féminin;2
Une saison à la Juilliard School;Une saison à la Juilliard School;2
Pyramides  les mystères révélés;Pyramides  les mystères révélés;2
https://fr.wiktionary.org;https://fr.wiktionary.org;1
Autour de;Autour de;2
Et alors ;Et alors ;2
Hobbies;Hobbies;2
Zig & Sharko;Zig & Sharko;2
https://www.programme-television.org;https://www.programme-television.org;1
Van Mecanic;Van Mecanic;2
Design auto;Design auto;2
Cleaners les experts du ménage;Cleaners les experts du ménage;2
66 minutes  grand format;66 minutes  grand format;2
Arte regards;Arte regards;2
Familles mortelles;Familles mortelles;2
La France des mystères;La France des mystères;2
Chalets sur mesure;Chalets sur mesure;2
La vie secrète des chansons;La vie secrète des chansons;2
Les routes les plus dangereuses du monde;Les routes les plus dangereuses du monde;2
A Musée Vous, A Musée Moi;A Musée Vous, A Musée Moi;2
Outback Nation  sauvez mon jardin ;Outback Nation  sauvez mon jardin ;2
https://www.larousse.fr;https://www.larousse.fr;1
https://www.linternaute.fr;https://www.linternaute.fr;1
https://dictionnaire.lerobert.com;https://dictionnaire.lerobert.com;1
https://www.cnrtl.fr;https://www.cnrtl.fr;1
https://www.lalanguefrancaise.com;https://www.lalanguefrancaise.com;1
https://www.linguee.fr;https://www.linguee.fr;1
Too Cute;Too Cute;2
https://www.france.tv;https://www.france.tv;1
Tennis  Roland Garros;Tennis  Roland Garros;2
Affaires sensibles;Affaires sensibles;2
Sur le front;Sur le front;2
Anatole Latuile;Anatole Latuile;2
Cap Sud Ouest;Cap Sud Ouest;2
Histoires de mots;Histoires de mots;2
C dans l'air;C dans l'air;2
Recherche héritiers;Recherche héritiers;2
Petit Malabar;Petit Malabar;2
Simon Superlapin;Simon Superlapin;2
Drôles de villes pour une rencontre;Drôles de villes pour une rencontre;2
Skateboard  Horizon verticale;Skateboard  Horizon verticale;2
https://langue-francaise.tv5monde.com;https://langue-francaise.tv5monde.com;1
https://www.paruvendu.fr;https://www.paruvendu.fr;1
Maison à vendre;Maison à vendre;2
https://www.bienici.com;https://www.bienici.com;1
https://www.seloger.com;https://www.seloger.com;1
https://immobilier.lefigaro.fr;https://immobilier.lefigaro.fr;1
https://www.green-acres.fr;https://www.green-acres.fr;1
https://www.facebook.com;https://www.facebook.com;1
Les mamans;Les mamans;2
M comme Maison;M comme Maison;2
VIP Pets;VIP Pets;2
Grands reportages;Grands reportages;2
Les Paris du globe cooker;Les Paris du globe cooker;2
https://www.pap.fr;https://www.pap.fr;1
https://www.logic-immo.com;https://www.logic-immo.com;1
https://fr.vikidia.org;https://fr.vikidia.org;1
https://www.herodote.net;https://www.herodote.net;1
https://www.elle.fr;https://www.elle.fr;1
https://nominis.cef.fr;https://nominis.cef.fr;1
https://www.cosmovisions.com;https://www.cosmovisions.com;1
https://www.plusbellelavie.org;https://www.plusbellelavie.org;1
https://www.youtube.com;https://www.youtube.com;1
Les Marseillais au Mexique;Les Marseillais au Mexique;2
Arte journal;Arte journal;2
Ricky Zoom;Ricky Zoom;2
Blaze et les Monster Machines;Blaze et les Monster Machines;2
Le grand bêtisier;Le grand bêtisier;2
Football  Ligue 2 BKT;Football  Ligue 2 BKT;2
Streetphilosophy;Streetphilosophy;2
https://www.nrj-play.fr;https://www.nrj-play.fr;1
Crimes et faits divers  le prime;Crimes et faits divers  le prime;2
https://www.instagram.com;https://www.instagram.com;1
https://www.tf1.fr;https://www.tf1.fr;1
Bubiloons;Bubiloons;2
Le doc Quotidien;Le doc Quotidien;2
https://www.voici.fr;https://www.voici.fr;1
https://www.tf1info.fr;https://www.tf1info.fr;1
https://www.20minutes.fr;https://www.20minutes.fr;1
https://www.linternaute.com;https://www.linternaute.com;1
Constructions sauvages;Constructions sauvages;2
Enchères mécaniques;Enchères mécaniques;2
https://fr-fr.facebook.com;https://fr-fr.facebook.com;1
https://www.leblogtvnews.com;https://www.leblogtvnews.com;1
https://www.nouveautes-tele.com;https://www.nouveautes-tele.com;1
https://www.telestar.fr;https://www.telestar.fr;1
Rénovation Island  un chantier au paradis;Rénovation Island  un chantier au paradis;2
https://www.capital.fr;https://www.capital.fr;1
https://www.6play.fr;https://www.6play.fr;1
La légende de Spark;La légende de Spark;2
Mon animal fait la loi;Mon animal fait la loi;2
https://capital.com;https://capital.com;1
https://www.toupie.org;https://www.toupie.org;1
https://www.prismashop.fr;https://www.prismashop.fr;1
https://www.pokemon.com;https://www.pokemon.com;1
https://pokemongolive.com;https://pokemongolive.com;1
https://www.pokemon-france.com;https://www.pokemon-france.com;1
https://www.gamekult.com;https://www.gamekult.com;1
https://apps.apple.com;https://apps.apple.com;1
https://www.gameblog.fr;https://www.gameblog.fr;1
https://www.lefigaro.fr;https://www.lefigaro.fr;1
Football Ligue des champions;Football Ligue des champions;2
https://www.parents.fr;https://www.parents.fr;1
https://www.patrickroger.com;https://www.patrickroger.com;1
https://www.prenoms.com;https://www.prenoms.com;1
https://www.magicmaman.com;https://www.magicmaman.com;1
https://www.journaldesfemmes.fr;https://www.journaldesfemmes.fr;1
https://fr.pons.com;https://fr.pons.com;1
https://dictionary.cambridge.org;https://dictionary.cambridge.org;1
https://www.wordreference.com;https://www.wordreference.com;1
https://www.theconjugator.com;https://www.theconjugator.com;1
https://fr.bab.la;https://fr.bab.la;1
https://www.amazon.fr;https://www.amazon.fr;1
Les chemins du sacré;Les chemins du sacré;2
A la rencontre des peuples des mers;A la rencontre des peuples des mers;2
https://www.turbo.fr;https://www.turbo.fr;1
https://www.mister-turbo.com;https://www.mister-turbo.com;1
https://www.turbofrance.fr;https://www.turbofrance.fr;1
https://www.sam-outillage.fr;https://www.sam-outillage.fr;1
https://www.cineserie.com;https://www.cineserie.com;1
https://www.lavoixdunord.fr;https://www.lavoixdunord.fr;1
https://www.disneyplus.com;https://www.disneyplus.com;1
https://messes.info;https://messes.info;1
https://eglise.catholique.fr;https://eglise.catholique.fr;1
https://www.fnac.com;https://www.fnac.com;1
https://www.enfamille.com;https://www.enfamille.com;1
https://www.microsoft.com;https://www.microsoft.com;1
https://microsoft-access.fr.softonic.com;https://microsoft-access.fr.softonic.com;1
https://www.access-group.fr;https://www.access-group.fr;1
https://com-access.fr;https://com-access.fr;1
https://france-access.fr;https://france-access.fr;1
https://eden.fftir.org;https://eden.fftir.org;1
https://eden.vjf.inserm.fr;https://eden.vjf.inserm.fr;1
https://www.lequipe.fr;https://www.lequipe.fr;1
Rugby  Pro D2;Rugby  Pro D2;2
Rugby  Top 14;Rugby  Top 14;2
https://www.premiere.fr;https://www.premiere.fr;1
https://www.vogue.fr;https://www.vogue.fr;1
https://www.pause-canap.com;https://www.pause-canap.com;1
https://www.nextdirect.com;https://www.nextdirect.com;1
https://www.zalando.fr;https://www.zalando.fr;1
https://www.next.co.uk;https://www.next.co.uk;1
https://www.laredoute.fr;https://www.laredoute.fr;1
https://next-showroom.com;https://next-showroom.com;1
https://www.marieclaire.fr;https://www.marieclaire.fr;1
https://labougieherbivore.com;https://labougieherbivore.com;1
https://www.cosmopolitan.fr;https://www.cosmopolitan.fr;1
https://scorpionsports.eu;https://scorpionsports.eu;1
https://emma.ca;https://emma.ca;1
https://cuisine.journaldesfemmes.fr;https://cuisine.journaldesfemmes.fr;1
https://www.rtl.be;https://www.rtl.be;1
http://prenoms.famili.fr;http://prenoms.famili.fr;1
https://www.sephora.fr;https://www.sephora.fr;1
https://www.legrandrex.com;https://www.legrandrex.com;1
https://rexclub.com;https://rexclub.com;1
http://www.lerex-chatenaymalabry.fr;http://www.lerex-chatenaymalabry.fr;1
http://www.rex-montbrison42.fr;http://www.rex-montbrison42.fr;1
https://www.malcolm-france.com;https://www.malcolm-france.com;1
https://www.radiofrance.fr;https://www.radiofrance.fr;1
https://www.nextplz.fr;https://www.nextplz.fr;1
http://lemeltingpotes.com;http://lemeltingpotes.com;1
https://www.editions-thierry-magnier.com;https://www.editions-thierry-magnier.com;1
https://www.liberation.fr;https://www.liberation.fr;1
https://www.grand-est.ars.sante.fr;https://www.grand-est.ars.sante.fr;1
https://www.gouvernement.fr;https://www.gouvernement.fr;1
https://www.urgences-la-serie.com;https://www.urgences-la-serie.com;1
https://www.canalplus.com;https://www.canalplus.com;1
Custom Garage;Custom Garage;2
Chasseurs de tanks;Chasseurs de tanks;2
Trésors de casse;Trésors de casse;2
https://www.lebonbon.fr;https://www.lebonbon.fr;1
https://www.vanityfair.fr;https://www.vanityfair.fr;1
https://medium.com;https://medium.com;1
https://www.db-z.com;https://www.db-z.com;1
https://fr.bandainamcoent.eu;https://fr.bandainamcoent.eu;1
https://www.kanpai.fr;https://www.kanpai.fr;1
https://www.pinterest.fr;https://www.pinterest.fr;1
https://www.imdb.com;https://www.imdb.com;1
https://hitek.fr;https://hitek.fr;1
https://www.melty.fr;https://www.melty.fr;1
https://tvmag.lefigaro.fr;https://tvmag.lefigaro.fr;1
https://www.telequebec.tv;https://www.telequebec.tv;1
https://sacotin.com;https://sacotin.com;1
https://www.go-n.fr;https://www.go-n.fr;1
https://www.notrenature.be;https://www.notrenature.be;1
https://lemagdesanimaux.ouest-france.fr;https://lemagdesanimaux.ouest-france.fr;1
https://www.etoile-marine.com;https://www.etoile-marine.com;1
https://www.porsche.com;https://www.porsche.com;1
https://www.caradisiac.com;https://www.caradisiac.com;1
https://www.911dc.com;https://www.911dc.com;1
https://www.arizona-dream.com;https://www.arizona-dream.com;1
https://www.bilan-psychologique.com;https://www.bilan-psychologique.com;1
https://sante.journaldesfemmes.fr;https://sante.journaldesfemmes.fr;1
https://www.rayuresetratures.fr;https://www.rayuresetratures.fr;1
https://www.femmeactuelle.fr;https://www.femmeactuelle.fr;1
https://suivezlezebre.com;https://suivezlezebre.com;1
https://presse.inserm.fr;https://presse.inserm.fr;1
https://www.ouest-france.fr;https://www.ouest-france.fr;1
https://www.halowaypoint.com;https://www.halowaypoint.com;1
https://www.xbox.com;https://www.xbox.com;1
https://cloudatlas.wmo.int;https://cloudatlas.wmo.int;1
https://www.idealo.fr;https://www.idealo.fr;1
https://www.ticketac.com;https://www.ticketac.com;1
https://bytoctoc.com;https://bytoctoc.com;1
https://dictionnaire.reverso.net;https://dictionnaire.reverso.net;1
https://www.target.com;https://www.target.com;1
https://www.foreverliving.fr;https://www.foreverliving.fr;1
https://foreverliving.com;https://foreverliving.com;1
https://www.aloe-vera-pour-tous.com;https://www.aloe-vera-pour-tous.com;1
https://fr.for-ever.com;https://fr.for-ever.com;1
https://www.lego.com;https://www.lego.com;1
https://www.cultura.com;https://www.cultura.com;1
https://www.cartoonnetwork.fr;https://www.cartoonnetwork.fr;1
https://www.smythstoys.com;https://www.smythstoys.com;1
https://www.auchan.fr;https://www.auchan.fr;1
https://www.leonardo.com;https://www.leonardo.com;1
https://www.transfermarkt.fr;https://www.transfermarkt.fr;1
https://le10sport.com;https://le10sport.com;1
https://histoiredupsg.fr;https://histoiredupsg.fr;1
https://m.footballdatabase.eu;https://m.footballdatabase.eu;1
https://www.fredzone.org;https://www.fredzone.org;1
https://riverdale.fandom.com;https://riverdale.fandom.com;1
https://www.nrj.fr;https://www.nrj.fr;1
https://www.peppapig.com;https://www.peppapig.com;1
https://www.bebegavroche.com;https://www.bebegavroche.com;1
https://bubblydoo.fr;https://bubblydoo.fr;1
https://decibelsprod.com;https://decibelsprod.com;1
https://www.justwatch.com;https://www.justwatch.com;1
https://etalors-lingerie.fr;https://etalors-lingerie.fr;1
https://www.paroles.net;https://www.paroles.net;1
https://television.telerama.fr;https://television.telerama.fr;1
https://www.benzinemag.net;https://www.benzinemag.net;1
https://www.francetvpro.fr;https://www.francetvpro.fr;1
https://this-is-us.fandom.com;https://this-is-us.fandom.com;1
https://monk.hypnoweb.net;https://monk.hypnoweb.net;1
https://www.pianoweb.fr;https://www.pianoweb.fr;1
https://www.discogs.com;https://www.discogs.com;1
https://tv-programme.com;https://tv-programme.com;1
https://twitter.com;https://twitter.com;1
https://www.objeko.com;https://www.objeko.com;1
https://twist.com;https://twist.com;1
https://www.arte.tv;https://www.arte.tv;1
https://bones.hypnoweb.net;https://bones.hypnoweb.net;1
https://www.programme.tv;https://www.programme.tv;1
https://www.sacha.fr;https://www.sacha.fr;1
https://www.pokepedia.fr;https://www.pokepedia.fr;1
https://chicago.hypnoweb.net;https://chicago.hypnoweb.net;1
https://www.matchendirect.fr;https://www.matchendirect.fr;1
https://www.cnetfrance.fr;https://www.cnetfrance.fr;1
https://legrandpop.fr;https://legrandpop.fr;1
https://www.campings-paradis.com;https://www.campings-paradis.com;1
https://voyages.carrefour.fr;https://voyages.carrefour.fr;1
https://replay.orange.fr;https://replay.orange.fr;1
https://www.meilleurduchef.com;https://www.meilleurduchef.com;1
https://chefsimon.com;https://chefsimon.com;1
https://www.750g.com;https://www.750g.com;1
https://moka.ai;https://moka.ai;1
https://www.marmiton.org;https://www.marmiton.org;1
https://www.maisonducafe.com;https://www.maisonducafe.com;1
https://www.cuisineaz.com;https://www.cuisineaz.com;1
https://www.ribambel.com;https://www.ribambel.com;1
https://www.carrefour.fr;https://www.carrefour.fr;1
https://www.groupe-bel.com;https://www.groupe-bel.com;1
https://www.produits-laitiers-de-france.com;https://www.produits-laitiers-de-france.com;1
https://www.produits-laitiers.com;https://www.produits-laitiers.com;1
https://www.chronodrive.com;https://www.chronodrive.com;1
https://www.belfoodservice.fr;https://www.belfoodservice.fr;1
https://www.nationalgeographic.fr;https://www.nationalgeographic.fr;1
https://photo.caminteresse.fr;https://photo.caminteresse.fr;1
https://www.geo.fr;https://www.geo.fr;1
https://www.parismatch.com;https://www.parismatch.com;1
https://www.austria.info;https://www.austria.info;1
https://www.europe1.fr;https://www.europe1.fr;1
https://www.leparisien.fr;https://www.leparisien.fr;1
https://www.midilibre.fr;https://www.midilibre.fr;1
https://www.francetelevisions.fr;https://www.francetelevisions.fr;1
https://www.rugbyrama.fr;https://www.rugbyrama.fr;1
https://www.lnr.fr;https://www.lnr.fr;1
https://www.eurosport.fr;https://www.eurosport.fr;1
https://www.ladepeche.fr;https://www.ladepeche.fr;1
https://www.flashscore.fr;https://www.flashscore.fr;1
https://en.wikipedia.org;https://en.wikipedia.org;1
https://radiodisneyclub.fr;https://radiodisneyclub.fr;1
https://www.festival-cannes.com;https://www.festival-cannes.com;1
https://www.palaisdesfestivals.com;https://www.palaisdesfestivals.com;1
https://www.francetvinfo.fr;https://www.francetvinfo.fr;1
https://www.cannes.com;https://www.cannes.com;1
https://www.rtlplay.be;https://www.rtlplay.be;1
https://www.sudouest.fr;https://www.sudouest.fr;1
https://www.dailymotion.com;https://www.dailymotion.com;1
https://www.mariefrance.fr;https://www.mariefrance.fr;1
https://www.purepeople.com;https://www.purepeople.com;1
https://www.assemblee-nationale.fr;https://www.assemblee-nationale.fr;1
https://www.vie-publique.fr;https://www.vie-publique.fr;1
https://www.parlement.fr;https://www.parlement.fr;1
https://www.europarl.europa.eu;https://www.europarl.europa.eu;1
https://www.conseil-constitutionnel.fr;https://www.conseil-constitutionnel.fr;1
https://hotel-balthazar.com;https://hotel-balthazar.com;1
https://www.lepoint.fr;https://www.lepoint.fr;1
https://www.simpsonspark.com;https://www.simpsonspark.com;1
https://mcetv.ouest-france.fr;https://mcetv.ouest-france.fr;1
https://leclaireur.fnac.com;https://leclaireur.fnac.com;1
https://fr.news.yahoo.com;https://fr.news.yahoo.com;1
https://www.clem-e.com;https://www.clem-e.com;1
https://www.imusic-school.com;https://www.imusic-school.com;1
https://aztecmusique.com;https://aztecmusique.com;1
https://www.gulli.fr;https://www.gulli.fr;1
https://replay.gulli.fr;https://replay.gulli.fr;1
https://www.canalj.fr;https://www.canalj.fr;1
https://www.petitoursbrun.com;https://www.petitoursbrun.com;1
https://livre.fnac.com;https://livre.fnac.com;1
https://youtitou.com;https://youtitou.com;1
https://sports.orange.fr;https://sports.orange.fr;1
https://www.hulu.com;https://www.hulu.com;1
https://www.a-suivre.org;https://www.a-suivre.org;1
https://actu.salto.fr;https://actu.salto.fr;1
https://www.voiture-de-film.fr;https://www.voiture-de-film.fr;1
https://programmetv.ouest-france.fr;https://programmetv.ouest-france.fr;1
https://actugeekgaming.com;https://actugeekgaming.com;1
https://m.youtube.com;https://m.youtube.com;1
https://revoir.tv5monde.com;https://revoir.tv5monde.com;1
https://podcasts.apple.com;https://podcasts.apple.com;1
https://www.glenat.com;https://www.glenat.com;1
https://momes.parents.fr;https://momes.parents.fr;1
https://www.bedetheque.com;https://www.bedetheque.com;1
https://www.tandem.net;https://www.tandem.net;1
https://www.tandemcompany.fr;https://www.tandemcompany.fr;1
https://play.google.com;https://play.google.com;1
https://tvbreizh.fr;https://tvbreizh.fr;1
https://www.radio-en-ligne.fr;https://www.radio-en-ligne.fr;1
https://lamonteeiberique.com;https://lamonteeiberique.com;1
https://www.grandhotelmolitg.com;https://www.grandhotelmolitg.com;1
https://vl-media.fr;https://vl-media.fr;1
https://www.pocket-lint.com;https://www.pocket-lint.com;1
https://www.huffingtonpost.fr;https://www.huffingtonpost.fr;1
https://www.paprika.fr;https://www.paprika.fr;1
https://ileauxepices.com;https://ileauxepices.com;1
https://www.epices-fuchs.fr;https://www.epices-fuchs.fr;1
https://www.mesepices.com;https://www.mesepices.com;1
https://www.promessedefleurs.com;https://www.promessedefleurs.com;1
https://www.passeportsante.net;https://www.passeportsante.net;1
https://rmccrime.bfmtv.com;https://rmccrime.bfmtv.com;1
https://www.jeanmarcmorandini.com;https://www.jeanmarcmorandini.com;1
https://www.casting-pekinexpress.fr;https://www.casting-pekinexpress.fr;1
https://www.lagranderecre.fr;https://www.lagranderecre.fr;1
https://www.sam-le-pompier.fr;https://www.sam-le-pompier.fr;1
https://www.tfoumax.fr;https://www.tfoumax.fr;1
https://www.rolandgarros.com;https://www.rolandgarros.com;1
https://tickets.rolandgarros.com;https://tickets.rolandgarros.com;1
https://www.restosducoeur.org;https://www.restosducoeur.org;1
https://www.francebenevolat.org;https://www.francebenevolat.org;1
https://www.restosducoeur49.fr;https://www.restosducoeur49.fr;1
https://www.toutelatele.com;https://www.toutelatele.com;1
https://superstore-shop.com;https://superstore-shop.com;1
https://www.netflix-news.com;https://www.netflix-news.com;1
https://www.hotelnicebeaurivage.com;https://www.hotelnicebeaurivage.com;1
Beau rivage;Beau rivage;2
https://www.beau-rivage.com;https://www.beau-rivage.com;1
https://www.restaurantbeaurivage.fr;https://www.restaurantbeaurivage.fr;1
https://www.beau-rivage-hotel.fr;https://www.beau-rivage-hotel.fr;1
https://plagenicebeaurivage.com;https://plagenicebeaurivage.com;1
https://www.le-beaurivage.com;https://www.le-beaurivage.com;1
https://www.brp.ch;https://www.brp.ch;1
https://www.hotel-beaurivage.com;https://www.hotel-beaurivage.com;1
https://www.crew-united.com;https://www.crew-united.com;1
https://lecourtcircuit.fr;https://lecourtcircuit.fr;1
https://www.energuide.be;https://www.energuide.be;1
https://cnrtl.fr;https://cnrtl.fr;1
https://izi-by-edf.fr;https://izi-by-edf.fr;1
https://www.futura-sciences.com;https://www.futura-sciences.com;1
https://www.elandcables.com;https://www.elandcables.com;1
https://www.babelio.com;https://www.babelio.com;1
Casse cash;Casse cash;2
http://www.crdp-strasbourg.fr;http://www.crdp-strasbourg.fr;1
https://www.infiniti.com;https://www.infiniti.com;1
https://www.lacentrale.fr;https://www.lacentrale.fr;1
https://www.autosphere.fr;https://www.autosphere.fr;1
https://www.automobile-magazine.fr;https://www.automobile-magazine.fr;1
https://www.largus.fr;https://www.largus.fr;1
https://www.groupe-maurin.com;https://www.groupe-maurin.com;1
https://www.cineteleandco.fr;https://www.cineteleandco.fr;1
https://www.auto-moto.com;https://www.auto-moto.com;1
https://www.automoto-lachaine.fr;https://www.automoto-lachaine.fr;1
https://www.epresse.fr;https://www.epresse.fr;1
https://bibliotheques.paris.fr;https://bibliotheques.paris.fr;1
https://www.medarus.org;https://www.medarus.org;1
https://www.erasme.ulb.ac.be;https://www.erasme.ulb.ac.be;1
https://www.conseil-national.medecin.fr;https://www.conseil-national.medecin.fr;1
http://classes.bnf.fr;http://classes.bnf.fr;1
https://www.bfmtv.com;https://www.bfmtv.com;1
https://provence-alpes-cotedazur.com;https://provence-alpes-cotedazur.com;1
https://cervieres.fr;https://cervieres.fr;1
https://whc.unesco.org;https://whc.unesco.org;1
https://www.ecranlarge.com;https://www.ecranlarge.com;1
https://www.traxmag.com;https://www.traxmag.com;1
https://buffy.fandom.com;https://buffy.fandom.com;1
https://cinema.jeuxactu.com;https://cinema.jeuxactu.com;1
https://www.salto.fr;https://www.salto.fr;1
https://mythologica.fr;https://mythologica.fr;1
https://www.grapheine.com;https://www.grapheine.com;1
https://www.parisbouge.com;https://www.parisbouge.com;1
https://www.lesitedelevenementiel.com;https://www.lesitedelevenementiel.com;1
https://www.madmoizelle.com;https://www.madmoizelle.com;1
https://boutique.arte.tv;https://boutique.arte.tv;1
https://canneseries.com;https://canneseries.com;1
https://envoye-special.fr;https://envoye-special.fr;1
https://actu.fr;https://actu.fr;1
https://www.fff.fr;https://www.fff.fr;1
https://www.foot-national.com;https://www.foot-national.com;1
https://www.footmercato.net;https://www.footmercato.net;1
https://www.seriesplus.com;https://www.seriesplus.com;1
https://www.cbs.com;https://www.cbs.com;1
https://profilage.hypnoweb.net;https://profilage.hypnoweb.net;1
https://www.purebreak.com;https://www.purebreak.com;1
https://profilage.fandom.com;https://profilage.fandom.com;1
https://www.paramountplus.com;https://www.paramountplus.com;1
https://elementary.io;https://elementary.io;1
https://elementary.paris;https://elementary.paris;1
https://www.france24.com;https://www.france24.com;1
https://www.techno-science.net;https://www.techno-science.net;1
https://www.ozap.com;https://www.ozap.com;1
https://www.atlantistv.fr;https://www.atlantistv.fr;1
https://etvous.m6.fr;https://etvous.m6.fr;1
https://www.livredepoche.com;https://www.livredepoche.com;1
https://www.startupcafe.ch;https://www.startupcafe.ch;1
https://www.gallimard-jeunesse.fr;https://www.gallimard-jeunesse.fr;1
https://www.filmspourenfants.net;https://www.filmspourenfants.net;1
https://www.telerama.fr;https://www.telerama.fr;1
https://www.begeek.fr;https://www.begeek.fr;1
https://www.lumni.fr;https://www.lumni.fr;1
Déclics;Déclics;2
https://www.bayard-editions.com;https://www.bayard-editions.com;1
https://www.lesmediatheques-rennesmetropole.fr;https://www.lesmediatheques-rennesmetropole.fr;1
https://www.culturetheque.com;https://www.culturetheque.com;1
https://www.molotov.tv;https://www.molotov.tv;1
https://www.replay.fr;https://www.replay.fr;1
https://www.numerama.com;https://www.numerama.com;1
https://tv.apple.com;https://tv.apple.com;1
https://booknode.com;https://booknode.com;1
https://radioenlignefrance.com;https://radioenlignefrance.com;1
https://open.spotify.com;https://open.spotify.com;1
https://direct-radio.fr;https://direct-radio.fr;1
https://beq.ebooksgratuits.com;https://beq.ebooksgratuits.com;1
https://www.evous.fr;https://www.evous.fr;1
https://www.rts.ch;https://www.rts.ch;1
https://www.serie-news.com;https://www.serie-news.com;1
https://www.ttu.fr;https://www.ttu.fr;1
https://cineverse.fr;https://cineverse.fr;1
https://www.public.fr;https://www.public.fr;1
https://www.cnews.fr;https://www.cnews.fr;1
https://visionspol.eu;https://visionspol.eu;1
https://www.thebay.com;https://www.thebay.com;1
https://lesretrosdor.com;https://lesretrosdor.com;1
https://www.thalassa.com;https://www.thalassa.com;1
https://madelen.ina.fr;https://madelen.ina.fr;1
https://www.letour.fr;https://www.letour.fr;1
https://chaines-tv.orange.fr;https://chaines-tv.orange.fr;1
https://www.francebleu.fr;https://www.francebleu.fr;1
https://www.paris-normandie.fr;https://www.paris-normandie.fr;1
https://www.stars-actu.fr;https://www.stars-actu.fr;1
https://odelices.ouest-france.fr;https://odelices.ouest-france.fr;1
https://www.gala.fr;https://www.gala.fr;1
https://www.tv5unis.ca;https://www.tv5unis.ca;1
https://la1ere.francetvinfo.fr;https://la1ere.francetvinfo.fr;1
https://beyblade.hasbro.com;https://beyblade.hasbro.com;1
https://www.ebay.fr;https://www.ebay.fr;1
https://www.cdiscount.com;https://www.cdiscount.com;1
https://beyblade-shop.com;https://beyblade-shop.com;1
https://www.epcrugby.com;https://www.epcrugby.com;1
https://www.topgear.com;https://www.topgear.com;1
https://www.topgear-magazine.fr;https://www.topgear-magazine.fr;1
https://www.serengeti-eyewear.com;https://www.serengeti-eyewear.com;1
https://tanzaniaspecialist.fr;https://tanzaniaspecialist.fr;1
https://safaris-a-la-carte.com;https://safaris-a-la-carte.com;1
https://www.globe-trotting.com;https://www.globe-trotting.com;1
https://www.voyagetanzanie.fr;https://www.voyagetanzanie.fr;1
https://www.nintendo.com;https://www.nintendo.com;1
https://www.jeuxvideo.com;https://www.jeuxvideo.com;1
https://www.e.leclerc;https://www.e.leclerc;1
https://www.bamboo.fr;https://www.bamboo.fr;1
https://mashamichka.fr;https://mashamichka.fr;1
https://liseo.france-education-international.fr;https://liseo.france-education-international.fr;1
https://oth.hypnoweb.net;https://oth.hypnoweb.net;1
http://lesfreresscott.free.fr;http://lesfreresscott.free.fr;1
https://www.tvmaison.com;https://www.tvmaison.com;1
https://www.fefa.fr;https://www.fefa.fr;1
https://deco.journaldesfemmes.fr;https://deco.journaldesfemmes.fr;1
https://thechosen.fr;https://thechosen.fr;1
https://watch.angelstudios.com;https://watch.angelstudios.com;1
https://www.lesechos.fr;https://www.lesechos.fr;1
https://cinema.bretagne.bzh;https://cinema.bretagne.bzh;1
https://www.lunion.fr;https://www.lunion.fr;1
https://context.reverso.net;https://context.reverso.net;1
https://www.editions-soleil.fr;https://www.editions-soleil.fr;1
https://www.doubleje.fr;https://www.doubleje.fr;1
https://doublejeconcept.com;https://doublejeconcept.com;1
https://editions-sydney-laurent.fr;https://editions-sydney-laurent.fr;1
https://www.morganphilips.com;https://www.morganphilips.com;1
https://references.lesoir.be;https://references.lesoir.be;1
https://anyfrench.com;https://anyfrench.com;1
https://fr.uefa.com;https://fr.uefa.com;1
https://vod.canalplus.com;https://vod.canalplus.com;1
https://recherche-appartement-ou-maison.com;https://recherche-appartement-ou-maison.com;1
https://www.recherche-appartement-ou-maison-gl.com;https://www.recherche-appartement-ou-maison-gl.com;1
https://www.feminactu.com;https://www.feminactu.com;1
https://www.zoo-la-fleche.com;https://www.zoo-la-fleche.com;1
https://www.dargaud.com;https://www.dargaud.com;1
https://www.dupuis.com;https://www.dupuis.com;1
https://www.warnertv.fr;https://www.warnertv.fr;1
https://europe.tv5monde.com;https://europe.tv5monde.com;1
https://www.tv5monde.com;https://www.tv5monde.com;1
https://rakuten.tv;https://rakuten.tv;1
https://france3-regions.francetvinfo.fr;https://france3-regions.francetvinfo.fr;1
https://www.julieandrieu.com;https://www.julieandrieu.com;1
https://lescarnetsdejulie.com;https://lescarnetsdejulie.com;1
https://www.femina.fr;https://www.femina.fr;1
https://fr.shopping.rakuten.com;https://fr.shopping.rakuten.com;1
https://br.pinterest.com;https://br.pinterest.com;1
http://www.gis-reseau-asie.org;http://www.gis-reseau-asie.org;1
https://www.cairn.info;https://www.cairn.info;1
https://www.ined.fr;https://www.ined.fr;1
https://www.insee.fr;https://www.insee.fr;1
https://www.schoolmouv.fr;https://www.schoolmouv.fr;1
https://lemondedesavengers.fr;https://lemondedesavengers.fr;1
https://www.tripadvisor.fr;https://www.tripadvisor.fr;1
https://xilam.com;https://xilam.com;1
https://www.boomerangtv.fr;https://www.boomerangtv.fr;1
https://luckyluke.fandom.com;https://luckyluke.fandom.com;1
https://pizzeria-les-dalton.fr;https://pizzeria-les-dalton.fr;1
https://discoveryfrance.fr;https://discoveryfrance.fr;1
https://culturelivresque.fr;https://culturelivresque.fr;1
https://www.letournepage.com;https://www.letournepage.com;1
https://blog.lestroiscolonnes.com;https://blog.lestroiscolonnes.com;1
https://www.youscribe.com;https://www.youscribe.com;1
https://polars.pourpres.net;https://polars.pourpres.net;1
https://dictionnaire.orthodidacte.com;https://dictionnaire.orthodidacte.com;1
https://www.demotivateur.fr;https://www.demotivateur.fr;1
http://www.cinereflex.com;http://www.cinereflex.com;1
https://www.lemonde.fr;https://www.lemonde.fr;1
https://www.nbsboxing.com;https://www.nbsboxing.com;1
https://quellehistoire.com;https://quellehistoire.com;1
https://www.lodge-coco.com;https://www.lodge-coco.com;1
https://lemagazinedesseries.com;https://lemagazinedesseries.com;1
https://milan-jeunesse.com;https://milan-jeunesse.com;1
https://www.veterinairesainteloi.fr;https://www.veterinairesainteloi.fr;1
https://france.bluey.tv;https://france.bluey.tv;1
https://www.bluey.tv;https://www.bluey.tv;1
https://enseignants.lumni.fr;https://enseignants.lumni.fr;1
https://boutique.telerama.fr;https://boutique.telerama.fr;1
https://www.decitre.fr;https://www.decitre.fr;1
https://www.gettyimages.fr;https://www.gettyimages.fr;1
https://www.learouaud.com;https://www.learouaud.com;1
https://www.vestimetal.fr;https://www.vestimetal.fr;1
https://www.vestiaires-magazine.com;https://www.vestiaires-magazine.com;1
https://fr.vestiairecollective.com;https://fr.vestiairecollective.com;1
https://www.gosto.com;https://www.gosto.com;1
https://informations.handicap.fr;https://informations.handicap.fr;1
https://www.rtl.fr;https://www.rtl.fr;1
https://www.arteradio.com;https://www.arteradio.com;1
https://photo.voici.fr;https://photo.voici.fr;1
https://chloefashionlifestyle.com;https://chloefashionlifestyle.com;1
https://home.chicagopolice.org;https://home.chicagopolice.org;1
https://www.rottentomatoes.com;https://www.rottentomatoes.com;1
https://www.puretrend.com;https://www.puretrend.com;1
https://www.serieously.com;https://www.serieously.com;1
https://espritscriminels.fandom.com;https://espritscriminels.fandom.com;1
https://www.lejourduseigneur.com;https://www.lejourduseigneur.com;1
https://infodon.fr;https://infodon.fr;1
https://ici.radio-canada.ca;https://ici.radio-canada.ca;1
https://www.dons-legs.com;https://www.dons-legs.com;1
https://newsactual.fr;https://newsactual.fr;1
https://ici.tou.tv;https://ici.tou.tv;1
https://generous.eu;https://generous.eu;1
https://latelierdimages.fr;https://latelierdimages.fr;1
https://www.nvidia.com;https://www.nvidia.com;1
https://www.telez.fr;https://www.telez.fr;1
https://www.rmcbfmplay.com;https://www.rmcbfmplay.com;1
https://www.vintagemecanic.com;https://www.vintagemecanic.com;1
https://gspawn.com;https://gspawn.com;1
https://www.hotels-lasvegas.fr;https://www.hotels-lasvegas.fr;1
https://www.alamyimages.fr;https://www.alamyimages.fr;1
https://www.fideliance.fr;https://www.fideliance.fr;1
https://toitsalternatifs.fr;https://toitsalternatifs.fr;1
https://www.advitamdistribution.com;https://www.advitamdistribution.com;1
https://advitam.fr;https://advitam.fr;1
https://www.echappees-belles.io;https://www.echappees-belles.io;1
https://turbulences.aboshop.fr;https://turbulences.aboshop.fr;1
https://www.societe.com;https://www.societe.com;1
Terra Terre;Terra Terre;2
https://www.strate.design;https://www.strate.design;1
https://occasion.largus.fr;https://occasion.largus.fr;1
https://design-auto-occasions.espacevo.fr;https://design-auto-occasions.espacevo.fr;1
https://www.aufeminin.com;https://www.aufeminin.com;1
https://www.passionretrocollection.com;https://www.passionretrocollection.com;1
https://www.allformusic.fr;https://www.allformusic.fr;1
https://blogacabdx.ac-bordeaux.fr;https://blogacabdx.ac-bordeaux.fr;1
https://podcasts.audiomeans.fr;https://podcasts.audiomeans.fr;1
https://podcasts.google.com;https://podcasts.google.com;1
https://podcasts-francais.fr;https://podcasts-francais.fr;1
https://www.poetica.fr;https://www.poetica.fr;1
https://lesvoixdelapoesie.ca;https://lesvoixdelapoesie.ca;1
https://www.bacdefrancais.net;https://www.bacdefrancais.net;1
https://www.etudes-litteraires.com;https://www.etudes-litteraires.com;1
https://www.bonjourpoesie.fr;https://www.bonjourpoesie.fr;1
https://auvio.rtbf.be;https://auvio.rtbf.be;1
https://maxtele.ca;https://maxtele.ca;1
https://www.agc3pa02.fr;https://www.agc3pa02.fr;1
https://fr.wikihow.com;https://fr.wikihow.com;1
https://www.imagesdoc.com;https://www.imagesdoc.com;1
https://suis-nous.com;https://suis-nous.com;1
https://www.france-allemagne.fr;https://www.france-allemagne.fr;1
https://les-triples.com;https://les-triples.com;1
https://vipcrossing.com;https://vipcrossing.com;1
https://www.demd-productions.com;https://www.demd-productions.com;1
https://www.rickyzoom.com;https://www.rickyzoom.com;1
https://fr.tomy.com;https://fr.tomy.com;1
https://www.service-public.fr;https://www.service-public.fr;1
https://www.116000enfantsdisparus.fr;https://www.116000enfantsdisparus.fr;1
https://www.pathe.fr;https://www.pathe.fr;1
https://www.diplomatie.gouv.fr;https://www.diplomatie.gouv.fr;1
http://www.petitpoilu.com;http://www.petitpoilu.com;1
https://www.lacourdespetits.com;https://www.lacourdespetits.com;1
http://www.latourdesheros.com;http://www.latourdesheros.com;1
https://powerrangers.hasbro.com;https://powerrangers.hasbro.com;1
https://powerrangers.fandom.com;https://powerrangers.fandom.com;1
https://bullesdeculture.com;https://bullesdeculture.com;1
https://rmc.bfmtv.com;https://rmc.bfmtv.com;1
https://www.sport-tv.org;https://www.sport-tv.org;1
https://actus.sfr.fr;https://actus.sfr.fr;1
https://music.apple.com;https://music.apple.com;1
https://www.bd-kids.com;https://www.bd-kids.com;1
https://www.cultureevasion.fr;https://www.cultureevasion.fr;1
https://www.kiva.fr;https://www.kiva.fr;1
https://www.kiva.org;https://www.kiva.org;1
https://www.magnum.fr;https://www.magnum.fr;1
https://www.usinenouvelle.com;https://www.usinenouvelle.com;1
https://fr.aliexpress.com;https://fr.aliexpress.com;1
https://www.studiohari.com;https://www.studiohari.com;1
https://www.labelbrut.fr;https://www.labelbrut.fr;1
https://letheatre.laval.fr;https://letheatre.laval.fr;1
https://le-sablier.org;https://le-sablier.org;1
https://mal-thonon.org;https://mal-thonon.org;1
https://www.theatre-contemporain.net;https://www.theatre-contemporain.net;1
https://www.larenaissance-mondeville.fr;https://www.larenaissance-mondeville.fr;1
https://www.scenenationale61.com;https://www.scenenationale61.com;1
https://leschroniquesdecliffhanger.com;https://leschroniquesdecliffhanger.com;1
https://playtv.fr;https://playtv.fr;1
https://www.telepoche.fr;https://www.telepoche.fr;1
https://nawak.com;https://nawak.com;1
https://www.universalis.fr;https://www.universalis.fr;1
https://www.worldhistory.org;https://www.worldhistory.org;1
https://www.king-jouet.com;https://www.king-jouet.com;1
https://beyblade-burst.fandom.com;https://beyblade-burst.fandom.com;1
https://svod.gulli.fr;https://svod.gulli.fr;1
https://toupies-beyblade.fr;https://toupies-beyblade.fr;1
https://www.amazon.com.be;https://www.amazon.com.be;1
https://www.novelas.tv;https://www.novelas.tv;1
http://www.philippe-rey.fr;http://www.philippe-rey.fr;1
https://molang.com;https://molang.com;1
https://lacentraledespetits.com;https://lacentraledespetits.com;1
https://www.courrierinternational.com;https://www.courrierinternational.com;1
https://actualitte.com;https://actualitte.com;1
https://xmen.fandom.com;https://xmen.fandom.com;1
https://fr.ign.com;https://fr.ign.com;1
https://linfotoutcourt.com;https://linfotoutcourt.com;1
https://www.capuseen.com;https://www.capuseen.com;1
https://arenes.fr;https://arenes.fr;1
https://www.film-documentaire.fr;https://www.film-documentaire.fr;1
https://www.cinoche.com;https://www.cinoche.com;1
https://www.lesinrocks.com;https://www.lesinrocks.com;1
https://www.terraterre.co;https://www.terraterre.co;1
https://www.publicsenat.fr;https://www.publicsenat.fr;1
https://www.terraterre.fr;https://www.terraterre.fr;1
https://lesindependants.co;https://lesindependants.co;1
https://lille.levillagebyca.com;https://lille.levillagebyca.com;1
https://www.uzes-pontdugard.com;https://www.uzes-pontdugard.com;1
https://www.tintin.com;https://www.tintin.com;1
https://www.casterman.com;https://www.casterman.com;1
https://www.cap-sudouest.com;https://www.cap-sudouest.com;1
https://capsudouestconciergerie.fr;https://capsudouestconciergerie.fr;1
https://www.taffy-ecologiques.com;https://www.taffy-ecologiques.com;1
https://www.everykid.com;https://www.everykid.com;1
https://spectacle.noplp.fr;https://spectacle.noplp.fr;1
http://lagrandesoireedelafraternite.org;http://lagrandesoireedelafraternite.org;1
https://www.soap-passion.com;https://www.soap-passion.com;1
https://www.scenedecrime.tv;https://www.scenedecrime.tv;1
https://gigantosaurus-tvseries.com;https://gigantosaurus-tvseries.com;1
https://store.playstation.com;https://store.playstation.com;1
https://www.tv5mondeplus.com;https://www.tv5mondeplus.com;1
http://www.lesecransterribles.com;http://www.lesecransterribles.com;1
https://www.unifrance.org;https://www.unifrance.org;1
https://www.harlequin.fr;https://www.harlequin.fr;1
http://cicad.ch;http://cicad.ch;1
https://littlekmbo.com;https://littlekmbo.com;1
https://helium-editions.fr;https://helium-editions.fr;1
https://www.monpetitforfait.com;https://www.monpetitforfait.com;1
https://magnum-pi.hypnoweb.net;https://magnum-pi.hypnoweb.net;1
https://www.grands-reportages.com;https://www.grands-reportages.com;1
https://www.enfants-du-soleil.com;https://www.enfants-du-soleil.com;1
https://www.fondation-enfance.org;https://www.fondation-enfance.org;1
https://www.enfants-du-soleil.org;https://www.enfants-du-soleil.org;1
https://www.odilejacob.fr;https://www.odilejacob.fr;1
https://www.la-croix.com;https://www.la-croix.com;1
https://www.imagincinemas.com;https://www.imagincinemas.com;1
https://www.lisez.com;https://www.lisez.com;1
https://www.critictoo.com;https://www.critictoo.com;1
https://www.earthtv.com;https://www.earthtv.com;1
https://www.skylinewebcams.com;https://www.skylinewebcams.com;1
https://www.visitberlin.de;https://www.visitberlin.de;1
https://vmsf.org;https://vmsf.org;1
https://delessencedansmesveines.com;https://delessencedansmesveines.com;1
http://www.filmdeculte.com;http://www.filmdeculte.com;1
https://vodkaster.telerama.fr;https://vodkaster.telerama.fr;1
https://www.primevideo.com;https://www.primevideo.com;1
https://www.dafont.com;https://www.dafont.com;1
https://www.monotype.com;https://www.monotype.com;1
https://www.sixnationsrugby.com;https://www.sixnationsrugby.com;1
https://mecaretrosport76.fr;https://mecaretrosport76.fr;1
https://newsdanciennes.com;https://newsdanciennes.com;1
https://www.hypnoweb.net;https://www.hypnoweb.net;1
https://lecoindescritiquescine.com;https://lecoindescritiquescine.com;1
https://www.notrecinema.com;https://www.notrecinema.com;1
https://www.freixenet.com;https://www.freixenet.com;1
https://www.doitinparis.com;https://www.doitinparis.com;1
https://associationheritages.com;https://associationheritages.com;1
https://heritages.cyu.fr;https://heritages.cyu.fr;1
https://www.44cats.tv;https://www.44cats.tv;1
https://www.joueclub.fr;https://www.joueclub.fr;1
https://memoiresmplille.wordpress.com;https://memoiresmplille.wordpress.com;1
https://americars-strasbourg.com;https://americars-strasbourg.com;1
https://www.betaseries.com;https://www.betaseries.com;1
https://www.snda.fr;https://www.snda.fr;1
https://www.histoire-de-mots.fr;https://www.histoire-de-mots.fr;1
https://oliviervinuesa.wixsite.com;https://oliviervinuesa.wixsite.com;1
https://bouquinerie-histoiresdemots.fr;https://bouquinerie-histoiresdemots.fr;1
https://www.icem-pedagogie-freinet.org;https://www.icem-pedagogie-freinet.org;1
https://www.grevisse.fr;https://www.grevisse.fr;1
http://www.pemf.fr;http://www.pemf.fr;1
http://www.allodoublage.com;http://www.allodoublage.com;1
https://kifim.ouest-france.fr;https://kifim.ouest-france.fr;1
https://www.selection.ca;https://www.selection.ca;1
https://asterix.com;https://asterix.com;1
https://hawaii.hypnoweb.net;https://hawaii.hypnoweb.net;1
https://actuanews.fr;https://actuanews.fr;1
https://similaires.com;https://similaires.com;1
https://www.telereplay.fr;https://www.telereplay.fr;1
https://www.mesopinions.com;https://www.mesopinions.com;1
https://www.la-boutique-des-lutins.fr;https://www.la-boutique-des-lutins.fr;1
https://m.imdb.com;https://m.imdb.com;1
https://www1.papadustream.cc;https://www1.papadustream.cc;1
https://www.bibliothequerose.com;https://www.bibliothequerose.com;1
https://www.piscines-hdp.com;https://www.piscines-hdp.com;1
https://www.cc-veron.fr;https://www.cc-veron.fr;1
https://boutique.ladn.eu;https://boutique.ladn.eu;1
https://olympics.com;https://olympics.com;1
https://cnosf.franceolympique.com;https://cnosf.franceolympique.com;1
https://www.ledevoir.com;https://www.ledevoir.com;1
https://www.hrw.org;https://www.hrw.org;1
https://lcp.fr;https://lcp.fr;1
https://wikimonde.com;https://wikimonde.com;1
https://www.les-docus.com;https://www.les-docus.com;1
https://wwws.xeniusconsulting.com;https://wwws.xeniusconsulting.com;1
https://shop.agrosystem.fr;https://shop.agrosystem.fr;1
https://www.m6videobank.com;https://www.m6videobank.com;1
https://budgestudios.com;https://budgestudios.com;1
https://www.tiji.fr;https://www.tiji.fr;1
https://blog.autourdeminuit.com;https://blog.autourdeminuit.com;1
http://engagezvous.com;http://engagezvous.com;1
https://editionsdelaube.fr;https://editionsdelaube.fr;1
https://fr.finalfantasyxiv.com;https://fr.finalfantasyxiv.com;1
https://www.caverne-des-jouets.com;https://www.caverne-des-jouets.com;1
https://www.bakugan-boutique.com;https://www.bakugan-boutique.com;1
https://defis-declics.org;https://defis-declics.org;1
https://www.cerclefser.org;https://www.cerclefser.org;1
https://cler.org;https://cler.org;1
https://www.apc-paris.com;https://www.apc-paris.com;1
https://declics-numeriques.com;https://declics-numeriques.com;1
https://www.pole-emploi.fr;https://www.pole-emploi.fr;1
https://www.alec-lyon.org;https://www.alec-lyon.org;1
https://mediatoon-distribution.com;https://mediatoon-distribution.com;1
https://www.bdtheque.com;https://www.bdtheque.com;1
https://www.police-nationale.interieur.gouv.fr;https://www.police-nationale.interieur.gouv.fr;1
https://www.mikrosanimation.com;https://www.mikrosanimation.com;1
https://www.paris.fr;https://www.paris.fr;1
https://www.noovo.ca;https://www.noovo.ca;1
https://www.coutot-roehrig.com;https://www.coutot-roehrig.com;1
https://www.m-habitat.fr;https://www.m-habitat.fr;1
https://www.rfgenealogie.com;https://www.rfgenealogie.com;1
https://www.droit-patrimoine.fr;https://www.droit-patrimoine.fr;1
https://www.lepetitjuriste.fr;https://www.lepetitjuriste.fr;1
https://m.facebook.com;https://m.facebook.com;1
https://www.dvdfr.com;https://www.dvdfr.com;1
https://www.cinetrafic.fr;https://www.cinetrafic.fr;1
https://scriiipt.com;https://scriiipt.com;1
https://unenounoudenfer.fr;https://unenounoudenfer.fr;1
https://entreprendre.service-public.fr;https://entreprendre.service-public.fr;1
https://www.ornikar.com;https://www.ornikar.com;1
https://www.securite-routiere.gouv.fr;https://www.securite-routiere.gouv.fr;1
https://www.demarches.interieur.gouv.fr;https://www.demarches.interieur.gouv.fr;1
https://www.franceroutes.fr;https://www.franceroutes.fr;1
https://www.brangeon.fr;https://www.brangeon.fr;1
https://www.rageot.fr;https://www.rageot.fr;1
https://www.fondationshoah.org;https://www.fondationshoah.org;1
https://my.weezevent.com;https://my.weezevent.com;1
https://www.sortiraparis.com;https://www.sortiraparis.com;1
https://www.concertandco.com;https://www.concertandco.com;1
https://www.fredericlenoir.com;https://www.fredericlenoir.com;1
http://lescheminsdusacre.com;http://lescheminsdusacre.com;1
https://www.editions-observatoire.com;https://www.editions-observatoire.com;1
https://www.gibert.com;https://www.gibert.com;1
https://www.tfo.org;https://www.tfo.org;1
https://www.albin-michel.fr;https://www.albin-michel.fr;1
https://www.petitmalabar.tv;https://www.petitmalabar.tv;1
https://primabord.eduscol.education.fr;https://primabord.eduscol.education.fr;1
https://www.routard.com;https://www.routard.com;1
https://www.orepeditions.com;https://www.orepeditions.com;1
https://www.theatreonline.com;https://www.theatreonline.com;1
https://bigfoot-production.com;https://bigfoot-production.com;1
https://www.usineadesign.com;https://www.usineadesign.com;1
https://www.entreprisesdupaysage.org;https://www.entreprisesdupaysage.org;1
https://ushuaiatv.fr;https://ushuaiatv.fr;1
https://www.superights.net;https://www.superights.net;1
https://www.superprodanimation.net;https://www.superprodanimation.net;1
https://unite-sans-frontieres.fandom.com;https://unite-sans-frontieres.fandom.com;1
https://www.peuple-animal.com;https://www.peuple-animal.com;1
https://imctoys.com;https://imctoys.com;1
https://www.maxitoys.lu;https://www.maxitoys.lu;1
https://www.unificationfrance.com;https://www.unificationfrance.com;1
https://www.deezer.com;https://www.deezer.com;1
https://bob-leponge.fandom.com;https://bob-leponge.fandom.com;1
https://fr.legit.ng;https://fr.legit.ng;1
https://www.themoviedb.org;https://www.themoviedb.org;1
https://www.boingtv.fr;https://www.boingtv.fr;1
https://ashpublications.org;https://ashpublications.org;1
https://shahid.mbc.net;https://shahid.mbc.net;1
https://topchef.fandom.com;https://topchef.fandom.com;1
https://store.steampowered.com;https://store.steampowered.com;1
https://lcdtech.info;https://lcdtech.info;1
https://www.ecransdumonde.com;https://www.ecransdumonde.com;1
https://www.gad-distribution.com;https://www.gad-distribution.com;1
https://www.ligue2.fr;https://www.ligue2.fr;1
https://www.foot-direct.com;https://www.foot-direct.com;1
https://www.protestants.org;https://www.protestants.org;1
https://museeprotestant.org;https://museeprotestant.org;1
https://www.euro-chalet.fr;https://www.euro-chalet.fr;1
https://maestrochalet.fr;https://maestrochalet.fr;1
https://www.chalets-dufour.com;https://www.chalets-dufour.com;1
https://www.citizenkid.com;https://www.citizenkid.com;1
https://www.rizzolicucine.it;https://www.rizzolicucine.it;1
https://www.rizzoliusa.com;https://www.rizzoliusa.com;1
https://www.eyrolles.com;https://www.eyrolles.com;1
https://librairie.artcurial.com;https://librairie.artcurial.com;1
https://www.exoticca.com;https://www.exoticca.com;1
https://actualites-decalees.autojournal.fr;https://actualites-decalees.autojournal.fr;1
https://www.vroomly.com;https://www.vroomly.com;1
https://voyage.pureevasion.com;https://voyage.pureevasion.com;1
https://www.rtbf.be;https://www.rtbf.be;1
https://ziglang.org;https://ziglang.org;1
https://1mot.net;https://1mot.net;1
https://www.disneyphile.fr;https://www.disneyphile.fr;1
https://www.folimage.fr;https://www.folimage.fr;1
https://www.ombres-blanches.fr;https://www.ombres-blanches.fr;1
https://halldulivre.com;https://halldulivre.com;1
https://www.pave.fr;https://www.pave.fr;1
http://www.yetili.fr;http://www.yetili.fr;1
https://www.simon-tv.com;https://www.simon-tv.com;1
https://tonies.com;https://tonies.com;1
https://www.pairidaiza.eu;https://www.pairidaiza.eu;1
https://xxl-factory.com;https://xxl-factory.com;1
https://fly.fr;https://fly.fr;1
https://rubypayeur.com;https://rubypayeur.com;1
https://www.history.com;https://www.history.com;1
https://plus.wikimonde.com;https://plus.wikimonde.com;1
https://www.diffazur.fr;https://www.diffazur.fr;1
https://www.piscinespa.com;https://www.piscinespa.com;1
https://mapiscinedereve.fr;https://mapiscinedereve.fr;1
https://www.gralon.net;https://www.gralon.net;1
https://benshi.fr;https://benshi.fr;1
https://dcsuperherogirls.fandom.com;https://dcsuperherogirls.fandom.com;1
https://www.groupechopard.com;https://www.groupechopard.com;1
https://www.secretsdhistoire.tv;https://www.secretsdhistoire.tv;1
https://store.uni-medias.com;https://store.uni-medias.com;1
https://www.viapresse.com;https://www.viapresse.com;1
https://unimediaskiosk.milibris.com;https://unimediaskiosk.milibris.com;1
https://homemedia.fr;https://homemedia.fr;1
https://francetvstudio.fr;https://francetvstudio.fr;1
https://www.programme-tv.com;https://www.programme-tv.com;1
https://www.office-tourisme-usa.com;https://www.office-tourisme-usa.com;1
https://www.voyageursdumonde.fr;https://www.voyageursdumonde.fr;1
https://pro.m6.fr;https://pro.m6.fr;1
https://www.gaumont.fr;https://www.gaumont.fr;1
https://www.avenuedelabrique.com;https://www.avenuedelabrique.com;1
https://www.hothbricks.com;https://www.hothbricks.com;1
https://www.coleka.com;https://www.coleka.com;1
https://ninjago.fandom.com;https://ninjago.fandom.com;1
https://brickset.com;https://brickset.com;1
https://www.hellobricks.com;https://www.hellobricks.com;1
https://www.mondotv-france.com;https://www.mondotv-france.com;1
https://bayam.tv;https://bayam.tv;1
https://www.cezamemusic.com;https://www.cezamemusic.com;1
https://www.la-spa.fr;https://www.la-spa.fr;1
https://mapstr.com;https://mapstr.com;1
https://marguerite.mediatheques.fr;https://marguerite.mediatheques.fr;1
https://docs.quad.fr;https://docs.quad.fr;1
https://tf1pro.com;https://tf1pro.com;1
https://www.culturecheznous.gouv.fr;https://www.culturecheznous.gouv.fr;1
https://www.cned.fr;https://www.cned.fr;1
https://industriemagnifique.com;https://industriemagnifique.com;1
https://chansondufilm.com;https://chansondufilm.com;1
https://www.goutemesdisques.com;https://www.goutemesdisques.com;1
https://ceed-diabete.org;https://ceed-diabete.org;1
http://blog.ac-versailles.fr;http://blog.ac-versailles.fr;1
http://www.ec-dossenheim-zinsel.site.ac-strasbourg.fr;http://www.ec-dossenheim-zinsel.site.ac-strasbourg.fr;1
https://profsdocs.mlfmonde.org;https://profsdocs.mlfmonde.org;1
https://www.careco41.fr;https://www.careco41.fr;1
https://gievresauto.com;https://gievresauto.com;1
https://www.tivi5mondeplus.com;https://www.tivi5mondeplus.com;1
https://www.antennereunion.fr;https://www.antennereunion.fr;1
https://www.agatfilms-exnihilo.com;https://www.agatfilms-exnihilo.com;1
http://www.film-documentaire.fr;http://www.film-documentaire.fr;1
https://marcthiercelin.com;https://marcthiercelin.com;1
https://podcast.ausha.co;https://podcast.ausha.co;1
https://www.zed.fr;https://www.zed.fr;1
https://heros.fandom.com;https://heros.fandom.com;1
https://squat.telequebec.tv;https://squat.telequebec.tv;1
https://actu.orange.fr;https://actu.orange.fr;1
https://tv.lejsl-presse.fr;https://tv.lejsl-presse.fr;1
https://histoire.fr;https://histoire.fr;1
https://www.micromania.fr;https://www.micromania.fr;1
https://beta.ataa.fr;https://beta.ataa.fr;1
https://www.memento-productions.com;https://www.memento-productions.com;1
https://moisdudoc.com;https://moisdudoc.com;1
https://prologue-alca.fr;https://prologue-alca.fr;1
https://www.chateauversailles.fr;https://www.chateauversailles.fr;1
https://histoireparlesfemmes.com;https://histoireparlesfemmes.com;1
https://photo.geo.fr;https://photo.geo.fr;1